"Reference","Qty","Value","Footprint","MPN"
"C1","1","10uF","Capacitor_SMD:C_0805_2012Metric",""
"C2","1","10uf","Capacitor_SMD:C_0805_2012Metric",""
"C3,C4,C5","3","100n","Capacitor_SMD:C_0603_1608Metric",""
"J1","1","Conn_01x04","Connector_PinHeader_2.54mm:PinHeader_1x04_P2.54mm_Vertical","61300411121"
"J2","1","Conn_01x03","",""
"J3","1","Conn_01x02","",""
"R1,R2,R3","3","1k","Resistor_SMD:R_0603_1608Metric",""
"U1","1","LD1117S33TR_SOT223","Package_TO_SOT_SMD:SOT-223-3_TabPin2","LD1117S33TR"
"U2","1","ATtiny3216-S","Package_SO:SOIC-20W_7.5x12.8mm_P1.27mm","ATTINY3216-SN"
